﻿<?xml version="1.0" encoding="utf-8"?>
<TextureAtlas imagePath="bunny.png">
	<!-- Created with Adobe Flash Professional version 14.0.0.73 -->
	<!-- http://www.adobe.com/products/flash.html -->
	<SubTexture name="Bunny0000" x="0" y="0" width="64" height="69" pivotX="0.6" pivotY="1.65" frameX="0" frameY="-1" frameWidth="64" frameHeight="70"/>
	<SubTexture name="Bunny0001" x="0" y="0" width="64" height="69" frameX="0" frameY="-1" frameWidth="64" frameHeight="70"/>
	<SubTexture name="Bunny0002" x="0" y="0" width="64" height="69" frameX="0" frameY="-1" frameWidth="64" frameHeight="70"/>
	<SubTexture name="Bunny0003" x="0" y="0" width="64" height="69" frameX="0" frameY="-1" frameWidth="64" frameHeight="70"/>
	<SubTexture name="Bunny0004" x="0" y="0" width="64" height="69" frameX="0" frameY="-1" frameWidth="64" frameHeight="70"/>
	<SubTexture name="Bunny0005" x="0" y="0" width="64" height="69" frameX="0" frameY="-1" frameWidth="64" frameHeight="70"/>
	<SubTexture name="Bunny0006" x="0" y="0" width="64" height="69" frameX="0" frameY="-1" frameWidth="64" frameHeight="70"/>
	<SubTexture name="Bunny0007" x="0" y="0" width="64" height="69" frameX="0" frameY="-1" frameWidth="64" frameHeight="70"/>
	<SubTexture name="Bunny0008" x="0" y="0" width="64" height="69" frameX="0" frameY="-1" frameWidth="64" frameHeight="70"/>
	<SubTexture name="Bunny0009" x="0" y="0" width="64" height="69" frameX="0" frameY="-1" frameWidth="64" frameHeight="70"/>
	<SubTexture name="Bunny0010" x="0" y="0" width="64" height="69" frameX="0" frameY="-1" frameWidth="64" frameHeight="70"/>
	<SubTexture name="Bunny0011" x="0" y="0" width="64" height="69" frameX="0" frameY="-1" frameWidth="64" frameHeight="70"/>
	<SubTexture name="Bunny0012" x="0" y="0" width="64" height="69" frameX="0" frameY="-1" frameWidth="64" frameHeight="70"/>
	<SubTexture name="Bunny0013" x="0" y="0" width="64" height="69" frameX="0" frameY="-1" frameWidth="64" frameHeight="70"/>
	<SubTexture name="Bunny0014" x="0" y="0" width="64" height="69" frameX="0" frameY="-1" frameWidth="64" frameHeight="70"/>
	<SubTexture name="Bunny0015" x="0" y="0" width="64" height="69" frameX="0" frameY="-1" frameWidth="64" frameHeight="70"/>
	<SubTexture name="Bunny0016" x="0" y="0" width="64" height="69" frameX="0" frameY="-1" frameWidth="64" frameHeight="70"/>
	<SubTexture name="Bunny0017" x="0" y="0" width="64" height="69" frameX="0" frameY="-1" frameWidth="64" frameHeight="70"/>
	<SubTexture name="Bunny0018" x="0" y="0" width="64" height="69" frameX="0" frameY="-1" frameWidth="64" frameHeight="70"/>
	<SubTexture name="Bunny0019" x="0" y="0" width="64" height="69" frameX="0" frameY="-1" frameWidth="64" frameHeight="70"/>
	<SubTexture name="Bunny0020" x="0" y="0" width="64" height="69" frameX="0" frameY="-1" frameWidth="64" frameHeight="70"/>
	<SubTexture name="Bunny0021" x="0" y="0" width="64" height="69" frameX="0" frameY="-1" frameWidth="64" frameHeight="70"/>
	<SubTexture name="Bunny0022" x="0" y="0" width="64" height="69" frameX="0" frameY="-1" frameWidth="64" frameHeight="70"/>
	<SubTexture name="Bunny0023" x="0" y="0" width="64" height="69" frameX="0" frameY="-1" frameWidth="64" frameHeight="70"/>
	<SubTexture name="Bunny0024" x="64" y="0" width="64" height="69" frameX="0" frameY="-1" frameWidth="64" frameHeight="70"/>
	<SubTexture name="Bunny0025" x="128" y="0" width="64" height="69" frameX="0" frameY="-1" frameWidth="64" frameHeight="70"/>
	<SubTexture name="Bunny0026" x="192" y="0" width="64" height="70"/>
	<SubTexture name="Bunny0027" x="256" y="0" width="64" height="70"/>
	<SubTexture name="Bunny0028" x="320" y="0" width="64" height="70"/>
	<SubTexture name="Bunny0029" x="384" y="0" width="64" height="70"/>
	<SubTexture name="Bunny0030" x="320" y="0" width="64" height="70"/>
	<SubTexture name="Bunny0031" x="256" y="0" width="64" height="70"/>
	<SubTexture name="Bunny0032" x="192" y="0" width="64" height="70"/>
	<SubTexture name="Bunny0033" x="128" y="0" width="64" height="69" frameX="0" frameY="-1" frameWidth="64" frameHeight="70"/>
	<SubTexture name="Bunny0034" x="64" y="0" width="64" height="69" frameX="0" frameY="-1" frameWidth="64" frameHeight="70"/>
	<SubTexture name="Bunny0035" x="0" y="0" width="64" height="69" frameX="0" frameY="-1" frameWidth="64" frameHeight="70"/>
	<SubTexture name="Bunny0036" x="0" y="0" width="64" height="69" frameX="0" frameY="-1" frameWidth="64" frameHeight="70"/>
	<SubTexture name="Bunny0037" x="0" y="0" width="64" height="69" frameX="0" frameY="-1" frameWidth="64" frameHeight="70"/>
	<SubTexture name="Bunny0038" x="0" y="0" width="64" height="69" frameX="0" frameY="-1" frameWidth="64" frameHeight="70"/>
	<SubTexture name="Bunny0039" x="0" y="0" width="64" height="69" frameX="0" frameY="-1" frameWidth="64" frameHeight="70"/>
	<SubTexture name="Bunny0040" x="0" y="0" width="64" height="69" frameX="0" frameY="-1" frameWidth="64" frameHeight="70"/>
	<SubTexture name="Bunny0041" x="0" y="0" width="64" height="69" frameX="0" frameY="-1" frameWidth="64" frameHeight="70"/>
	<SubTexture name="Bunny0042" x="0" y="0" width="64" height="69" frameX="0" frameY="-1" frameWidth="64" frameHeight="70"/>
	<SubTexture name="Bunny0043" x="0" y="0" width="64" height="69" frameX="0" frameY="-1" frameWidth="64" frameHeight="70"/>
	<SubTexture name="Bunny0044" x="0" y="0" width="64" height="69" frameX="0" frameY="-1" frameWidth="64" frameHeight="70"/>
	<SubTexture name="Bunny0045" x="0" y="0" width="64" height="69" frameX="0" frameY="-1" frameWidth="64" frameHeight="70"/>
	<SubTexture name="Bunny0046" x="0" y="0" width="64" height="69" frameX="0" frameY="-1" frameWidth="64" frameHeight="70"/>
	<SubTexture name="Bunny0047" x="0" y="0" width="64" height="69" frameX="0" frameY="-1" frameWidth="64" frameHeight="70"/>
	<SubTexture name="Bunny0048" x="0" y="0" width="64" height="69" frameX="0" frameY="-1" frameWidth="64" frameHeight="70"/>
	<SubTexture name="Bunny0049" x="0" y="0" width="64" height="69" frameX="0" frameY="-1" frameWidth="64" frameHeight="70"/>
	<SubTexture name="Bunny0050" x="0" y="0" width="64" height="69" frameX="0" frameY="-1" frameWidth="64" frameHeight="70"/>
	<SubTexture name="Bunny0051" x="0" y="0" width="64" height="69" frameX="0" frameY="-1" frameWidth="64" frameHeight="70"/>
	<SubTexture name="Bunny0052" x="0" y="0" width="64" height="69" frameX="0" frameY="-1" frameWidth="64" frameHeight="70"/>
	<SubTexture name="Bunny0053" x="0" y="0" width="64" height="69" frameX="0" frameY="-1" frameWidth="64" frameHeight="70"/>
	<SubTexture name="Bunny0054" x="0" y="0" width="64" height="69" frameX="0" frameY="-1" frameWidth="64" frameHeight="70"/>
	<SubTexture name="Bunny0055" x="0" y="0" width="64" height="69" frameX="0" frameY="-1" frameWidth="64" frameHeight="70"/>
	<SubTexture name="Bunny0056" x="0" y="0" width="64" height="69" frameX="0" frameY="-1" frameWidth="64" frameHeight="70"/>
	<SubTexture name="Bunny0057" x="0" y="0" width="64" height="69" frameX="0" frameY="-1" frameWidth="64" frameHeight="70"/>
	<SubTexture name="Bunny0058" x="0" y="0" width="64" height="69" frameX="0" frameY="-1" frameWidth="64" frameHeight="70"/>
	<SubTexture name="Bunny0059" x="448" y="0" width="0" height="0" frameX="0" frameY="-1" frameWidth="64" frameHeight="70"/>
	<SubTexture name="Bunny0060" x="448" y="0" width="60" height="58" frameX="-4" frameY="-12" frameWidth="64" frameHeight="70"/>
	<SubTexture name="Bunny0061" x="0" y="70" width="61" height="56" frameX="-3" frameY="-14" frameWidth="64" frameHeight="70"/>
	<SubTexture name="Bunny0062" x="61" y="70" width="63" height="59" frameX="-1" frameY="-11" frameWidth="64" frameHeight="70"/>
	<SubTexture name="Bunny0063" x="124" y="70" width="64" height="63" frameX="0" frameY="-7" frameWidth="64" frameHeight="70"/>
	<SubTexture name="Bunny0064" x="188" y="70" width="64" height="65" frameX="0" frameY="-5" frameWidth="64" frameHeight="70"/>
	<SubTexture name="Bunny0065" x="252" y="70" width="64" height="68" frameX="0" frameY="-2" frameWidth="64" frameHeight="70"/>
	<SubTexture name="Bunny0066" x="316" y="70" width="64" height="69" frameX="0" frameY="-1" frameWidth="64" frameHeight="70"/>
	<SubTexture name="Bunny0067" x="380" y="70" width="64" height="69" frameX="0" frameY="-1" frameWidth="64" frameHeight="70"/>
	<SubTexture name="Bunny0068" x="444" y="70" width="64" height="70"/>
	<SubTexture name="Bunny0069" x="0" y="140" width="64" height="70"/>
	<SubTexture name="Bunny0070" x="64" y="140" width="64" height="70"/>
	<SubTexture name="Bunny0071" x="128" y="140" width="64" height="70"/>
	<SubTexture name="Bunny0072" x="192" y="140" width="64" height="70"/>
	<SubTexture name="Bunny0073" x="256" y="140" width="64" height="70"/>
	<SubTexture name="Bunny0074" x="320" y="140" width="64" height="70"/>
	<SubTexture name="Bunny0075" x="384" y="140" width="64" height="70"/>
	<SubTexture name="Bunny0076" x="448" y="140" width="64" height="70"/>
	<SubTexture name="Bunny0077" x="0" y="210" width="64" height="70"/>
	<SubTexture name="Bunny0078" x="64" y="210" width="64" height="70"/>
	<SubTexture name="Bunny0079" x="128" y="210" width="64" height="70"/>
	<SubTexture name="Bunny0080" x="192" y="210" width="64" height="70"/>
	<SubTexture name="Bunny0081" x="256" y="210" width="64" height="70"/>
	<SubTexture name="Bunny0082" x="256" y="210" width="64" height="70"/>
	<SubTexture name="Bunny0083" x="256" y="210" width="64" height="70"/>
	<SubTexture name="Bunny0084" x="256" y="210" width="64" height="70"/>
	<SubTexture name="Bunny0085" x="256" y="210" width="64" height="70"/>
	<SubTexture name="Bunny0086" x="256" y="210" width="64" height="70"/>
	<SubTexture name="Bunny0087" x="256" y="210" width="64" height="70"/>
	<SubTexture name="Bunny0088" x="256" y="210" width="64" height="70"/>
	<SubTexture name="Bunny0089" x="256" y="210" width="64" height="70"/>
	<SubTexture name="Bunny0090" x="256" y="210" width="64" height="70"/>
	<SubTexture name="Bunny0091" x="256" y="210" width="64" height="70"/>
	<SubTexture name="Bunny0092" x="256" y="210" width="64" height="70"/>
	<SubTexture name="Bunny0093" x="320" y="210" width="64" height="69" frameX="0" frameY="-1" frameWidth="64" frameHeight="70"/>
	<SubTexture name="Bunny0094" x="384" y="210" width="64" height="69" frameX="0" frameY="-1" frameWidth="64" frameHeight="70"/>
	<SubTexture name="Bunny0095" x="448" y="210" width="64" height="70"/>
	<SubTexture name="Bunny0096" x="0" y="280" width="64" height="70"/>
	<SubTexture name="Bunny0097" x="64" y="280" width="64" height="70"/>
	<SubTexture name="Bunny0098" x="128" y="280" width="64" height="70"/>
	<SubTexture name="Bunny0099" x="192" y="280" width="64" height="70"/>
	<SubTexture name="Bunny0100" x="256" y="280" width="64" height="70"/>
	<SubTexture name="Bunny0101" x="320" y="280" width="64" height="70"/>
	<SubTexture name="Bunny0102" x="384" y="280" width="64" height="70"/>
	<SubTexture name="Bunny0103" x="448" y="280" width="64" height="70"/>
	<SubTexture name="Bunny0104" x="0" y="350" width="64" height="70"/>
	<SubTexture name="Bunny0105" x="64" y="350" width="64" height="70"/>
	<SubTexture name="Bunny0106" x="128" y="350" width="64" height="70"/>
</TextureAtlas>
